<?xml version="1.0" encoding="UTF-8"?>
<beans xmlns="http://www.springframework.org/schema/beans"
    xmlns:xsi="http://www.w3.org/2001/XMLSchema-instance"
    xmlns:context="http://www.springframework.org/schema/context"
    xmlns:tx="http://www.springframework.org/schema/tx"
    xmlns:mvc="http://www.springframework.org/schema/mvc"
    xsi:schemaLocation="http://www.springframework.org/schema/beans http://www.springframework.org/schema/beans/spring-beans-3.0.xsd
    http://www.springframework.org/schema/context http://www.springframework.org/schema/context/spring-context-3.0.xsd
    http://www.springframework.org/schema/tx http://www.springframework.org/schema/tx/spring-tx-3.2.xsd
    http://www.springframework.org/schema/mvc http://www.springframework.org/schema/mvc/spring-mvc-3.2.xsd">
 
   <context:component-scan base-package="com.feba.daily.status.report" />
   <mvc:annotation-driven />
   <mvc:resources mapping="/**" location="/" />
  
  <bean id="viewResolver" class="org.springframework.web.servlet.view.InternalResourceViewResolver">
  	<property name="prefix">
  		<value>/WEB-INF/views/</value>
  	</property>
  	<property name="suffix">
  		<value>.jsp</value>
  	</property>
  </bean>
  
      <!-- This resolves messages from resource bundles for different locales -->
    <bean id="messageSource" class="org.springframework.context.support.ResourceBundleMessageSource">
        <property name="basename" value="messages" />
    </bean>
     
   <bean id="entityManagerFactoryBean" class="org.springframework.orm.jpa.LocalContainerEntityManagerFactoryBean">
      <property name="dataSource" ref="dataSource" />
      <property name="packagesToScan" value="com.feba.daily.status.report.persistance" />
      <property name="jpaVendorAdapter">
         <bean class="org.springframework.orm.jpa.vendor.HibernateJpaVendorAdapter" />
      </property>
      <property name="jpaProperties">
         <props>
            <prop key="hibernate.hbm2ddl.auto">update</prop>
			<!-- <prop key="hibernate.dialect">org.hibernate.dialect.Oracle10gDialect</prop> -->
<!--             <prop key="hibernate.dialect">org.hibernate.dialect.MySQL5Dialect</prop> -->
            <prop key="hibernate.dialect">org.hibernate.dialect.SQLServerDialect</prop>
            <prop key="hibernate.event.merge.entity_copy_observer">allow</prop>
            <prop key="show_sql">true</prop>
         </props>
      </property>
   </bean> 
   
   <bean id="dataSource" class="org.springframework.jdbc.datasource.DriverManagerDataSource">
      <!-- <property name="driverClassName" value="com.mysql.jdbc.Driver" /> -->
      <property name="driverClassName" value="com.microsoft.sqlserver.jdbc.SQLServerDriver" />
      
       <!-- <property name="url" value="jdbc:mysql://localhost:3306/dailystatusreport" /> -->
       <property name="url" value="jdbc:sqlserver://vm-c341-e311.nam.nsroot.net/databaseName=TDM_POC;user=sa;password=Tendulkar@2022"/>
      <!-- <property name="username" value="indrajeet" />
      <property name="password" value="sharma" /> -->
   </bean>
     
   
   <bean id="transactionManager" class="org.springframework.orm.jpa.JpaTransactionManager">
      <property name="entityManagerFactory" ref="entityManagerFactoryBean" />
   </bean>
   
   <tx:annotation-driven />
</beans>